{
	"header": {
		"tenantId": "TIFNRUN1",
		"clientReferenceId": "client001",
		"messageTime": "2020-04-29T11:49:28Z",
		"requestType": "EM-PID-FN",
		"expRequestId": "CROSSCORE",
		"options": {
		}
	},
	"payload": {
		"control": [
			{
				"option": "PIDXML_VERSION",
				"value": "06.00"
			},
			{
				"option": "SUBSCRIBER_PREAMBLE",
				"value": "TBD2"
			},
			{
				"option": "SUBSCRIBER_OPERATOR_INITIAL",
				"value": "CC"
			},
			{
				"option": "SUBSCRIBER_SUB_CODE",
				"value": "2892360"
			},
			{
				"option": "PID_USERNAME",
				"value": "xxx"
			},
			{
				"option": "PID_PASSWORD",
				"value": "xxx"
			},
			{
				"option": "PRODUCT_OPTION",
				"value": "06"
			},
			{
				"option": "ACCOUNT_TYPE",
				"value": ""
			},
			{
				"option": "DETAIL_REQUEST",
				"value": "D"
			},
			{
				"option": "ORG_CODE",
				"value": "PSFE"
			},
			{
				"option": "MODEL_CODE",
				"value": "AO"
			},
			{
				"value": "client001",
				"option": "EVENT_ID"
			}
		],
		"application": {
			"applicants": [
				{
					"id": "EMAIL123",
					"applicantType": "APPLICANT",
					"contactId": "client001-MAINCONTACT"
				}
			]
		},
		"source": "WEB",
		"userDefinedFields": [
			{
				"userDefinedTableName": "demoCustom",
				"userDefinedElements": [
					{
						"fieldValue": "RESIDENTIAL",
						"fieldName": "customerType"
					},
					{
						"fieldValue": "PO BOX 239",
						"fieldName": "billingStreetAddress1"
					},
					{
						"fieldName": "billingStreetAddress2"
					},
					{
						"fieldValue": "CHESTER",
						"fieldName": "billingCity"
					},
					{
						"fieldValue": "PA",
						"fieldName": "billingState"
					},
					{
						"fieldValue": "USA",
						"fieldName": "billingCountry"
					},
					{
						"fieldValue": "190160239",
						"fieldName": "billingZipcode"
					},
					{
						"fieldValue": "PO BOX 239",
						"fieldName": "shippingStreetAddress1"
					},
					{
						"fieldName": "shippingStreetAddress2"
					},
					{
						"fieldValue": "CHESTER",
						"fieldName": "shippingCity"
					},
					{
						"fieldValue": "PA",
						"fieldName": "shippingState"
					},
					{
						"fieldValue": "USA",
						"fieldName": "shippingCountry"
					},
					{
						"fieldValue": "190160239",
						"fieldName": "shippingZipcode"
					}
				]
			}
		],
		"session": {
		},
		"userAccount": {
			"id": "EXP-LN-AO-001_USERACCOUNTID",
			"accountHolder": {
				"contactId": "client001-MAINCONTACT"
			}
		},
		"contacts": [
			{
				"id": "client001-MAINCONTACT",
				"person": {
					"typeOfPerson": "APPLICANT",
					"names": [
						{
							"id": "EXP-LN-AO-001_MAINPERSONNAME",
							"surName": "JORDAN",
							"firstName": "JOSEPH",
							"type": "CURRENT",
							"middleNames": "CHESTER"
						}
					]
				},
				"emails": [
					{
						"type": "WORK",
						"email": "accept@experian.com"
					}
				],
				"telephones": [
					{
						"id": "EXP-LN-AO-001_MAINAPPLICANTTELEPHONE",
						"number": "+1 5713429981",
						"type": "OTHER"
					}
				],
				"identityDocuments": [
					{
						"hashedDocumentNumber": "DA306C50D265B3B42468AFA581BE002CCDE64BD500447771EB2AF257D5918421",
						"documentType": "SSN",
						"documentNumber": "666988145"
					}
				],
				"addresses": [
					{
						"postal": "190160239",
						"stateProvinceCode": "PA",
						"street": "PO BOX 239",
						"countryCode": "USA",
						"addressType": "CURRENT",
						"postTown": "CHESTER"
					}
				]
			}
		]
	}
}
